protein_ID	repeat_len	num_repeat	repeat_ID
cwnti44543	23	3	457822
cwnti44543	28	4	972075
cwnti44543	24	4	501927
cwnti44543	29	5	190035
cwnti44543	31	3	311335
cwnti44543	22	5	458380
cwnti44543	24	5	773675
rsvdb21806	29	5	573614
rsvdb21806	31	4	296505
rsvdb21806	32	5	165291
rsvdb21806	28	4	836607
rsvdb21806	21	3	573001
rsvdb21806	31	5	574191
rsvdb21806	26	4	479189
rsvdb21806	31	4	476064
rsvdb21806	26	3	779665
ymjhg04823	21	3	584265
ymjhg04823	32	4	918739
ymjhg04823	32	4	195597
ymjhg04823	30	3	859160
ymjhg04823	27	5	640599
ymjhg04823	28	4	616716
ymjhg04823	22	4	332188
ymjhg04823	29	4	250824
ymjhg04823	22	3	524099
rldas43370	23	4	905298
rldas43370	26	3	986371
rldas43370	27	5	584661
rldas43370	28	4	506953
rldas43370	25	4	535728
rldas43370	32	4	855294
rldas43370	21	4	394491
vsqcq58545	22	5	840174
vsqcq58545	32	4	729799
vsqcq58545	32	4	278773
vsqcq58545	21	4	983686
vsqcq58545	28	4	528083
vsqcq58545	24	5	556399
vsqcq58545	26	5	576444
vsqcq58545	27	4	264309
vsqcq58545	24	4	115928
vsqcq58545	23	5	646596
lkuur76440	28	3	679315
lkuur76440	32	3	538470
lkuur76440	23	5	509280
lkuur76440	24	3	881482
lkuur76440	23	4	755050
lkuur76440	31	4	393999
lkuur76440	32	4	131759
lkuur76440	23	4	384527
lkuur76440	23	5	939816
xkakk24187	23	4	547618
xkakk24187	30	5	413984
xkakk24187	27	5	924685
xkakk24187	26	3	308474
qhybu62638	24	4	460812
qhybu62638	32	3	788900
qhybu62638	24	4	145993
qhybu62638	28	3	321379
qhybu62638	23	4	204585
qdlqh14861	29	4	690237
qdlqh14861	27	3	701145
qdlqh14861	24	4	717638
kurcm33137	31	3	957607
kurcm33137	32	5	827465
kurcm33137	32	5	184701
kurcm33137	28	3	978107
kurcm33137	32	3	269014
kurcm33137	24	4	145654
kurcm33137	24	4	140802
hfteg97969	26	4	243947
hfteg97969	28	5	638063
hfteg97969	24	4	900348
hfteg97969	32	3	125229
hfteg97969	22	3	517648
hfteg97969	30	3	886470
hfteg97969	22	5	293009
hfteg97969	29	3	992983
hfteg97969	31	5	519017
ryouo37180	27	4	838411
ryouo37180	32	3	164985
ryouo37180	26	5	711208
lysar98855	25	4	382795
lysar98855	31	5	223379
lysar98855	24	3	735163
lysar98855	32	3	543092
lysar98855	21	5	650500
lysar98855	24	4	301851
dpwfe77771	25	4	613837
dpwfe77771	31	5	524755
dpwfe77771	23	3	601278
dpwfe77771	22	3	308594
dpwfe77771	32	4	694056
dpwfe77771	23	5	887284
dpwfe77771	21	5	133586
dpwfe77771	25	3	812198
csnut58565	23	4	440977
csnut58565	22	5	221449
csnut58565	27	5	143028
wkxcy95049	30	4	401985
wkxcy95049	25	3	983391
wkxcy95049	30	4	683864
wkxcy95049	24	4	951298
wkxcy95049	21	4	291720
wkxcy95049	32	3	934654
wkxcy95049	27	5	891022
wkxcy95049	26	3	320063
wkxcy95049	22	3	659647
kocwa51994	25	4	699846
kocwa51994	23	5	626344
kocwa51994	26	3	785697
kocwa51994	25	3	324458
kocwa51994	26	5	728621
kocwa51994	31	5	512182
kocwa51994	22	3	101651
kocwa51994	26	3	633697
kocwa51994	25	5	746230
kocwa51994	22	4	106659
cghmy53038	23	3	802706
cghmy53038	31	5	213762
cghmy53038	22	5	505719
cghmy53038	22	5	199853
cghmy53038	30	4	601159
cghmy53038	28	4	912431
byfey61614	31	5	115154
byfey61614	31	4	670673
byfey61614	21	3	711717
wvnwj94673	23	3	566961
wvnwj94673	21	5	830620
wvnwj94673	28	3	583773
wvnwj94673	31	5	567403
wvnwj94673	21	4	253466
dohxj20186	25	3	956742
dohxj20186	23	5	946637
dohxj20186	27	5	938089
hgtip44949	32	4	697111
hgtip44949	25	4	817333
hgtip44949	26	4	827511
hgtip44949	23	5	945636
hgtip44949	26	5	972718
hgtip44949	28	3	934446
hgtip44949	30	4	931017
hgtip44949	29	4	203126
hxlmn21628	21	4	319181
hxlmn21628	23	4	896994
hxlmn21628	31	5	951057
hxlmn21628	31	3	897008
hxlmn21628	22	4	883550
nxleq65216	23	5	733021
nxleq65216	22	3	993210
nxleq65216	31	5	990155
nxleq65216	21	3	409085
nxleq65216	31	5	832225
nxleq65216	24	3	584037
nxleq65216	31	3	191491
nxleq65216	23	3	202984
tfbdm07746	23	3	424046
tfbdm07746	26	3	103610
tfbdm07746	24	5	800430
tfbdm07746	25	5	450089
bcpcc66431	22	4	967697
bcpcc66431	32	4	795294
bcpcc66431	26	3	286833
bcpcc66431	29	3	150232
bcpcc66431	26	4	103881
bcpcc66431	22	5	151664
jxulc18757	22	5	807632
jxulc18757	21	4	108804
jxulc18757	27	5	327907
jxulc18757	32	5	673387
jxulc18757	29	5	806499
jxulc18757	22	5	990664
bpujs64294	23	5	325158
bpujs64294	24	4	387923
bpujs64294	25	4	679474
bpujs64294	26	4	472955
bpujs64294	27	5	206178
aaxfx35042	23	3	781303
aaxfx35042	23	4	764751
aaxfx35042	25	5	169187
aaxfx35042	29	3	892088
hhval39918	22	3	225156
hhval39918	29	3	270242
hhval39918	21	3	495751
hhval39918	23	3	962217
hhval39918	26	5	535137
hhval39918	27	3	711152
ssfou20506	22	4	979565
ssfou20506	31	3	209832
ssfou20506	28	5	527932
hnbbi26152	25	5	430022
hnbbi26152	29	5	934143
hnbbi26152	30	3	817419
howbs80184	31	3	853970
howbs80184	29	3	799192
howbs80184	29	4	355615
howbs80184	25	5	422728
camwe30091	21	5	441163
camwe30091	26	3	811273
camwe30091	27	5	543759
camwe30091	32	5	555022
camwe30091	26	3	605039
camwe30091	32	4	615806
camwe30091	26	5	538768
lobgr48417	27	5	737708
lobgr48417	32	3	570732
lobgr48417	25	5	807850
lobgr48417	29	5	337319
lobgr48417	32	5	197362
lobgr48417	31	4	310486
lobgr48417	30	5	703485
lobgr48417	25	3	107774
npnfb75669	27	4	959888
npnfb75669	30	3	366706
npnfb75669	28	3	306648
npnfb75669	29	4	553086
npnfb75669	29	3	659438
npnfb75669	31	3	630711
npnfb75669	29	4	560603
npnfb75669	28	5	170957
npnfb75669	25	3	512594
npnfb75669	32	5	113986
eawxh27010	24	5	607465
eawxh27010	32	4	927934
eawxh27010	21	4	885356
eawxh27010	27	4	369104
eawxh27010	27	5	730441
eawxh27010	30	5	997296
eawxh27010	22	5	726242
eawxh27010	23	3	255669
eawxh27010	24	3	422092
hqnhy00410	22	5	195105
hqnhy00410	32	5	713108
hqnhy00410	29	4	314930
hqnhy00410	22	4	295226
hqnhy00410	27	5	693564
pxohn85087	29	4	148789
pxohn85087	21	4	846799
pxohn85087	29	4	157324
pxohn85087	29	5	699730
pxohn85087	31	5	323920
pxohn85087	25	3	224809
pxohn85087	21	3	738760
pxohn85087	32	5	291294
pxohn85087	29	3	501123
pxohn85087	26	3	997299
cgmen68305	29	4	705700
cgmen68305	21	3	486605
cgmen68305	25	5	778438
cgmen68305	24	5	874825
cgmen68305	32	4	510005
cgmen68305	22	5	160187
cgmen68305	29	3	204173
cgmen68305	28	5	323460
cgmen68305	26	3	938112
vtocx04774	25	3	559103
vtocx04774	32	5	695153
vtocx04774	28	3	725664
vtocx04774	24	4	566667
vtocx04774	27	5	750676
vtocx04774	23	3	586323
vtocx04774	29	4	564863
vtocx04774	23	5	403398
vtocx04774	24	3	612791
vtocx04774	24	4	571625
oprsw25874	26	5	680606
oprsw25874	22	3	645806
oprsw25874	26	3	240916
oprsw25874	29	3	533263
oprsw25874	31	3	179809
oprsw25874	31	4	439442
oprsw25874	23	5	324579
oprsw25874	32	5	249020
oygwj28072	29	4	656890
oygwj28072	27	3	709223
oygwj28072	21	5	206908
oygwj28072	24	3	989322
oygwj28072	31	4	157650
dwlkr18237	31	5	243125
dwlkr18237	29	3	730127
dwlkr18237	27	3	975445
dwlkr18237	27	5	150448
snetp12210	24	3	149277
snetp12210	24	3	398242
snetp12210	23	3	646027
snetp12210	21	5	339316
snetp12210	30	5	671040
snetp12210	31	5	441375
snetp12210	31	4	437124
snetp12210	31	5	730894
snetp12210	32	4	923956
vckkn90472	26	3	349330
vckkn90472	32	3	871996
vckkn90472	29	3	274716
vckkn90472	26	5	709510
vckkn90472	24	4	204513
vckkn90472	28	5	655873
vckkn90472	23	4	331015
vckkn90472	26	5	293806
vckkn90472	24	5	212524
rdrdm07742	22	4	228632
rdrdm07742	28	4	770476
rdrdm07742	22	5	234077
rdrdm07742	25	4	583172
rdrdm07742	32	5	553787
rdrdm07742	27	4	831709
rdrdm07742	26	3	510513
rdrdm07742	31	3	589985
rdrdm07742	22	3	213197
eshry37075	32	5	803551
eshry37075	28	5	993383
eshry37075	28	4	204420
eshry37075	32	3	625650
eshry37075	32	5	101466
eshry37075	24	5	663095
eshry37075	28	5	275973
cduxg27344	31	3	339529
cduxg27344	23	3	330194
cduxg27344	29	5	911636
cduxg27344	28	5	709614
cduxg27344	28	3	892396
cduxg27344	32	4	619474
cduxg27344	21	5	283315
cduxg27344	21	3	248902
cduxg27344	27	5	309140
jvkft84975	31	5	927084
jvkft84975	25	3	209396
jvkft84975	23	4	300945
jvkft84975	25	3	590828
jvkft84975	32	4	218572
jvkft84975	30	4	441516
octtw00321	28	3	147514
octtw00321	24	4	984009
octtw00321	25	4	170672
octtw00321	31	5	733030
octtw00321	26	5	927755
octtw00321	21	3	427570
octtw00321	25	3	851136
octtw00321	32	4	399860
oanea52865	27	3	198430
oanea52865	25	3	820496
oanea52865	25	4	276368
oanea52865	29	3	304893
oanea52865	27	3	952315
oanea52865	23	4	210666
oanea52865	23	5	666783
oanea52865	25	4	718192
aroig00576	21	3	863451
aroig00576	31	3	243816
aroig00576	30	4	328933
aroig00576	23	4	291735
aroig00576	30	5	463607
aroig00576	28	3	216455
pcsnw18610	24	5	957135
pcsnw18610	21	3	448752
pcsnw18610	30	4	250628
pcsnw18610	28	3	110248
xpfmg59049	25	3	101146
xpfmg59049	21	5	257410
xpfmg59049	22	3	584224
bslfo31873	32	4	558670
bslfo31873	21	4	629338
bslfo31873	25	3	218381
bslfo31873	27	5	551028
bslfo31873	25	3	321395
bslfo31873	25	4	534143
bslfo31873	32	5	522537
bslfo31873	25	4	101793
sijwb96783	22	4	385880
sijwb96783	21	5	678720
sijwb96783	32	5	813415
sijwb96783	29	3	347332
gxseq59161	30	4	739898
gxseq59161	26	5	468019
gxseq59161	26	3	567761
sefeo90413	22	3	658040
sefeo90413	25	5	552856
sefeo90413	27	4	132909
sefeo90413	30	4	536378
mlsec73501	25	3	838096
mlsec73501	31	4	409404
mlsec73501	26	3	862250
mlsec73501	24	3	247787
mlsec73501	27	4	193050
jkibw85650	26	4	155693
jkibw85650	24	4	992026
jkibw85650	23	4	122688
jkibw85650	27	5	174283
dkfjr44919	26	4	904361
dkfjr44919	31	5	708955
dkfjr44919	31	3	601056
dkfjr44919	29	4	727399
dkfjr44919	31	4	510582
dkfjr44919	24	4	222628
dkfjr44919	24	4	847854
dkfjr44919	22	3	326190
dkfjr44919	23	4	886160
lvmxk23216	29	4	510646
lvmxk23216	29	4	436769
lvmxk23216	26	3	427936
lvmxk23216	23	5	966970
lvmxk23216	27	3	601637
lvmxk23216	26	3	190229
lvmxk23216	28	3	156854
lvmxk23216	29	3	210992
lvmxk23216	21	5	828814
lvmxk23216	30	5	475120
dcjyn16904	27	4	798054
dcjyn16904	25	5	528770
dcjyn16904	26	3	914703
dcjyn16904	21	3	581462
dcjyn16904	28	3	148548
cwhbi46687	25	3	140884
cwhbi46687	32	5	661283
cwhbi46687	31	5	265375
cwhbi46687	29	3	774081
ttenp44631	21	5	487956
ttenp44631	22	4	520545
ttenp44631	25	5	449417
ttenp44631	31	3	364422
ttenp44631	30	4	186532
ttenp44631	32	3	229709
ttenp44631	29	4	478190
ffgrn32104	22	3	464161
ffgrn32104	32	5	616211
ffgrn32104	27	3	305392
bjaed71640	25	4	303366
bjaed71640	29	4	194030
bjaed71640	28	4	332408
bjaed71640	26	3	258027
bjaed71640	27	3	683248
bjaed71640	24	5	346836
bjaed71640	27	4	751324
bjaed71640	29	5	793123
bjaed71640	30	5	443084
bjaed71640	27	5	895792
gmeir99993	27	5	820694
gmeir99993	28	3	655658
gmeir99993	30	4	264924
gmeir99993	22	4	846557
gmeir99993	28	5	771022
vowdf33767	30	5	592657
vowdf33767	21	3	791721
vowdf33767	31	4	894960
vowdf33767	24	3	627342
vowdf33767	29	5	754371
jhoyv81198	25	5	237508
jhoyv81198	25	4	244712
jhoyv81198	31	5	977312
jhoyv81198	31	5	783208
jhoyv81198	27	5	588060
jhoyv81198	26	3	505147
jhoyv81198	29	4	360924
xjnga87191	31	4	914899
xjnga87191	21	3	750792
xjnga87191	21	5	528314
xjnga87191	27	3	289168
xjnga87191	32	3	828483
xjnga87191	32	3	960144
xjnga87191	24	3	632416
xjnga87191	29	4	873837
blnjj68819	31	5	580617
blnjj68819	28	4	550315
blnjj68819	24	4	558556
blnjj68819	27	3	713051
blnjj68819	31	3	235232
blnjj68819	32	4	682819
blnjj68819	32	5	774762
blnjj68819	27	5	562976
blnjj68819	27	4	461858
blnjj68819	23	5	637035
ywuty91793	28	4	717187
ywuty91793	28	3	115893
ywuty91793	25	5	542963
ywuty91793	24	3	969934
ywuty91793	23	5	825174
hljhy40724	22	4	458633
hljhy40724	21	4	827575
hljhy40724	32	5	971657
hljhy40724	28	4	390210
hljhy40724	24	4	182173
nviqf57395	22	5	597953
nviqf57395	31	4	387252
nviqf57395	21	4	924035
nviqf57395	32	3	891356
nviqf57395	23	4	329804
nviqf57395	25	4	495029
nviqf57395	28	5	576848
rxrvm29232	28	3	474160
rxrvm29232	30	3	760537
rxrvm29232	30	4	901916
rxrvm29232	24	4	434916
rxrvm29232	27	4	577092
rxrvm29232	22	3	857265
rxrvm29232	30	3	410757
rxrvm29232	28	4	625184
rxrvm29232	22	3	303510
rxrvm29232	29	5	727986
vpsjr43558	30	4	784218
vpsjr43558	28	5	228666
vpsjr43558	27	5	254893
vpsjr43558	25	5	711829
fbhpu33617	22	4	180554
fbhpu33617	29	3	670799
fbhpu33617	22	4	949875
fbhpu33617	24	3	362733
fbhpu33617	22	5	570953
fbhpu33617	24	3	733432
fbhpu33617	27	5	670768
fbhpu33617	32	4	806025
fbhpu33617	22	3	550079
nucls96610	26	3	232380
nucls96610	22	5	244508
nucls96610	31	3	564919
nucls96610	24	5	601329
nucls96610	31	3	232215
nucls96610	23	3	329526
nucls96610	31	3	569929
nucls96610	25	5	832226
mitwl79918	25	4	681341
mitwl79918	31	4	371399
mitwl79918	21	4	834016
dafvt14581	29	3	719610
dafvt14581	24	3	475980
dafvt14581	28	4	438281
dafvt14581	23	4	176857
dafvt14581	28	3	453091
dafvt14581	27	3	781729
mboki08993	31	3	144939
mboki08993	29	4	487833
mboki08993	24	3	278082
mboki08993	21	3	142345
mboki08993	22	5	939201
mboki08993	32	4	967180
mboki08993	30	5	999438
mboki08993	23	4	228635
mboki08993	26	3	881142
eqjdt34902	29	3	950873
eqjdt34902	28	3	222779
eqjdt34902	29	4	675623
uwlyn78606	30	5	426641
uwlyn78606	30	5	153342
uwlyn78606	30	5	500474
uwlyn78606	28	3	183144
uwlyn78606	32	5	221678
vmcbk43726	29	5	709648
vmcbk43726	21	4	216678
vmcbk43726	25	5	719387
vmcbk43726	21	3	970416
jeskj24574	26	3	105777
jeskj24574	32	3	686638
jeskj24574	23	5	654295
jeskj24574	30	4	805494
taywq33385	31	3	183042
taywq33385	24	4	478251
taywq33385	32	3	202105
taywq33385	28	3	643506
taywq33385	32	5	340153
taywq33385	24	3	358699
taywq33385	26	4	430698
taywq33385	24	5	614372
taywq33385	22	3	726135
taywq33385	22	3	988547
ffhyw20714	24	5	544765
ffhyw20714	29	4	938927
ffhyw20714	30	5	351885
rurci75322	32	4	809081
rurci75322	29	3	804976
rurci75322	31	4	896188
rurci75322	26	3	784441
rurci75322	22	5	366449
rurci75322	26	4	255134
rurci75322	21	4	922454
rurci75322	29	5	365942
jdowc30721	27	3	838110
jdowc30721	26	5	688673
jdowc30721	27	5	639202
jdowc30721	32	5	611985
jdowc30721	30	4	380735
pkgxq76958	26	3	348167
pkgxq76958	27	5	528273
pkgxq76958	29	3	314984
pkgxq76958	22	3	527940
pkgxq76958	29	5	386849
pkgxq76958	23	3	890806
pkgxq76958	28	4	113643
umkdn54722	24	4	153423
umkdn54722	30	4	359834
umkdn54722	24	4	352473
jaarg52735	24	4	364129
jaarg52735	28	5	354730
jaarg52735	28	5	346788
jaarg52735	27	4	168023
jaarg52735	30	5	681171
leejg10046	28	4	919647
leejg10046	28	5	975362
leejg10046	28	5	181460
leejg10046	22	5	138366
leejg10046	27	3	885719
leejg10046	30	3	743676
leejg10046	32	4	442593
leejg10046	25	3	247376
lhoeg36765	26	4	727883
lhoeg36765	28	3	607203
lhoeg36765	21	5	179287
lhoeg36765	31	4	351625
lhoeg36765	21	4	564011
lhoeg36765	21	5	671079
lhoeg36765	28	3	561777
lhoeg36765	26	4	254248
lhoeg36765	27	5	306297
wwqwb89540	23	5	152614
wwqwb89540	21	3	999242
wwqwb89540	24	5	114434
wwqwb89540	29	3	618702
wwqwb89540	27	5	161673
wwqwb89540	31	3	261363
wwqwb89540	31	4	384171
wwqwb89540	24	4	478107
muilv14640	21	5	372923
muilv14640	25	5	611708
muilv14640	27	5	815322
dvojw16128	30	5	546824
dvojw16128	24	4	552668
dvojw16128	31	4	738721
dvojw16128	26	5	138677
dvojw16128	32	5	635297
awkje27934	29	5	374495
awkje27934	24	5	905787
awkje27934	28	3	380992
iclrr15376	27	4	361234
iclrr15376	21	3	522703
iclrr15376	23	3	513123
iclrr15376	26	4	653077
iclrr15376	21	3	801003
cgipl16108	30	3	111026
cgipl16108	28	5	390769
cgipl16108	27	3	894879
cgipl16108	24	5	261126
cgipl16108	24	5	143058
cgipl16108	21	3	889913
cgipl16108	25	5	121443
nmhoy13682	21	3	790040
nmhoy13682	28	4	603756
nmhoy13682	30	5	210981
qcewc28351	26	3	281656
qcewc28351	22	5	733764
qcewc28351	23	5	221942
qcewc28351	23	5	127946
qcewc28351	31	4	308060
qcewc28351	24	3	552873
qcewc28351	31	5	563843
qcewc28351	21	3	601444
qcewc28351	30	5	754407
fmlrk46319	27	4	670558
fmlrk46319	30	5	884695
fmlrk46319	29	5	886437
fmlrk46319	23	5	827345
fmlrk46319	24	4	403136
fmlrk46319	26	3	537238
fmlrk46319	28	5	474871
fmlrk46319	26	5	925633
fmlrk46319	24	4	701662
fmlrk46319	23	4	196980
hjmip42291	31	3	549984
hjmip42291	29	3	841446
hjmip42291	30	5	468557
vbskc16912	31	5	420760
vbskc16912	25	5	796005
vbskc16912	26	3	624663
vbskc16912	27	5	108134
vbskc16912	24	4	583007
vbskc16912	23	3	713209
vbskc16912	28	5	790881
vbskc16912	27	5	640111
vbskc16912	29	5	116680
ooeyo15688	26	3	962594
ooeyo15688	28	3	588870
ooeyo15688	23	3	754956
ooeyo15688	23	5	889085
ooeyo15688	28	3	726290
aswgi62334	24	4	500582
aswgi62334	27	5	926154
aswgi62334	29	4	528515
cjhdt14451	21	4	718824
cjhdt14451	27	4	488097
cjhdt14451	22	3	170502
htedv54783	23	4	676234
htedv54783	30	5	658522
htedv54783	31	3	125141
htedv54783	26	5	560724
htedv54783	24	5	885243
htedv54783	30	3	153562
htedv54783	25	5	343574
htedv54783	28	5	767470
htedv54783	29	3	665474
nbxpt71709	29	3	798283
nbxpt71709	26	3	138547
nbxpt71709	22	3	616250
nbxpt71709	31	5	880377
nbxpt71709	25	4	392077
nbxpt71709	22	4	258482
dumtl16660	31	5	727671
dumtl16660	24	5	646752
dumtl16660	30	3	341316
dumtl16660	21	3	758772
uopau41681	29	3	508978
uopau41681	24	3	152162
uopau41681	24	5	413339
uopau41681	26	5	103728
uopau41681	29	3	772376
uopau41681	21	4	353324
uopau41681	28	5	982494
uopau41681	26	5	888205
uopau41681	25	3	930311
eagni54568	22	3	873631
eagni54568	21	3	208355
eagni54568	22	4	713238
eagni54568	23	4	808319
eagni54568	31	4	445917
eagni54568	27	5	223340
eagni54568	28	3	298226
kxowl98199	21	3	118043
kxowl98199	32	5	985917
kxowl98199	28	3	409946
kxowl98199	30	3	235170
kxowl98199	32	4	161696
kxowl98199	21	5	739946
kxowl98199	22	4	262692
wokym88353	31	3	961304
wokym88353	22	5	675230
wokym88353	29	4	788357
wokym88353	27	5	522880
wokym88353	21	4	655842
wokym88353	22	3	412472
jaflw38202	30	4	513149
jaflw38202	27	5	320423
jaflw38202	29	3	554753
jaflw38202	26	3	498834
jaflw38202	29	5	467804
jaflw38202	29	5	573481
jaqvl91478	30	4	460754
jaqvl91478	30	4	137633
jaqvl91478	30	3	111420
jaqvl91478	27	5	664533
jaqvl91478	26	3	793041
jaqvl91478	29	5	506067
jaqvl91478	21	3	457994
jaqvl91478	22	4	892099
jaqvl91478	32	4	199519
qelbm81437	25	5	995294
qelbm81437	24	5	668737
qelbm81437	31	5	641020
qelbm81437	31	5	358345
qelbm81437	21	3	928089
hxrkg42945	31	3	604729
hxrkg42945	31	4	833313
hxrkg42945	30	3	638065
hxrkg42945	29	5	975637
hxrkg42945	30	3	224493
hxrkg42945	25	4	443622
hxrkg42945	31	3	778182
hxrkg42945	25	4	540934
hxrkg42945	26	5	990186
hxrkg42945	27	4	977277
yqbad66045	25	5	555541
yqbad66045	28	5	107902
yqbad66045	24	3	595167
yqbad66045	21	4	971854
yqbad66045	27	5	698122
yqbad66045	27	3	894772
yqbad66045	29	3	935016
yqbad66045	24	5	292150
yqbad66045	22	4	731895
yqbad66045	28	5	102300
qxbrh15600	30	3	366439
qxbrh15600	23	4	987968
qxbrh15600	27	5	955447
qxbrh15600	25	3	972930
qxbrh15600	22	5	922794
qxbrh15600	29	5	413193
qxbrh15600	30	3	691665
qxbrh15600	29	4	448644
qymfa38543	23	4	629197
qymfa38543	32	5	483102
qymfa38543	30	4	746184
eiyyf39236	32	5	948197
eiyyf39236	29	5	868533
eiyyf39236	30	3	297764
eiyyf39236	31	3	595390
eiyyf39236	27	5	872849
eiyyf39236	29	3	584724
eiyyf39236	32	4	691265
eiyyf39236	26	3	108883
arevw99765	31	5	739521
arevw99765	28	5	194668
arevw99765	23	5	546046
arevw99765	26	3	417268
arevw99765	31	5	171599
arevw99765	24	3	559676
arevw99765	22	3	860215
arevw99765	26	4	228299
arevw99765	31	5	737229
emwpo79473	25	4	699991
emwpo79473	31	3	493237
emwpo79473	31	5	867814
emwpo79473	25	3	514182
emwpo79473	23	5	658686
emwpo79473	25	5	446891
kkutp56434	25	3	156176
kkutp56434	29	5	982101
kkutp56434	31	3	239445
kkutp56434	21	3	150862
kkutp56434	22	3	287823
kkutp56434	27	5	686052
kkutp56434	23	4	405572
rwsft57569	31	5	954282
rwsft57569	32	4	580269
rwsft57569	26	5	997692
khdnl95445	32	3	839426
khdnl95445	29	5	730075
khdnl95445	24	5	749643
khdnl95445	30	3	718312
khdnl95445	24	3	906392
khdnl95445	31	5	366504
khdnl95445	23	5	755082
khdnl95445	28	4	676928
najxa81806	21	5	108448
najxa81806	25	5	465712
najxa81806	29	3	259944
najxa81806	31	3	604864
najxa81806	22	5	867291
najxa81806	21	5	449371
najxa81806	31	5	198495
najxa81806	21	5	152780
najxa81806	32	4	745340
najxa81806	23	3	255724
nxxxe92601	23	4	544434
nxxxe92601	30	3	379105
nxxxe92601	29	3	910755
nxxxe92601	30	5	567741
nxxxe92601	23	5	591240
nxxxe92601	28	3	737434
nxxxe92601	27	4	226296
nxxxe92601	26	4	384736
icmty24041	29	5	185172
icmty24041	25	4	847210
icmty24041	22	4	195897
icmty24041	23	4	907396
vmdgh03388	27	5	812362
vmdgh03388	22	3	652202
vmdgh03388	27	3	783187
vmdgh03388	25	4	818092
vmdgh03388	25	5	355869
vmdgh03388	24	3	128665
vmdgh03388	25	5	467551
vmdgh03388	29	3	836081
vmdgh03388	22	4	782810
vmdgh03388	24	5	114909
xxtrn56424	30	5	179526
xxtrn56424	27	3	826433
xxtrn56424	26	5	580654
wlrbh18600	25	5	280492
wlrbh18600	25	3	987959
wlrbh18600	24	3	143779
xstyw91669	31	3	793773
xstyw91669	23	5	195694
xstyw91669	31	5	747278
xstyw91669	30	4	242562
xstyw91669	23	4	612527
yxptl07536	23	4	477782
yxptl07536	22	3	509559
yxptl07536	23	3	780874
yxptl07536	26	5	374631
yxptl07536	22	3	146873
pgbiw51508	25	3	699195
pgbiw51508	30	5	744536
pgbiw51508	32	3	848656
kqgjt13211	32	3	135662
kqgjt13211	28	3	881744
kqgjt13211	32	3	380194
kqgjt13211	32	3	318671
kqgjt13211	26	4	871550
kqgjt13211	24	4	275993
kqgjt13211	24	4	318169
knfdq47285	23	3	305837
knfdq47285	25	5	181322
knfdq47285	32	5	919319
knfdq47285	29	3	722907
knfdq47285	31	5	326334
knfdq47285	22	5	287244
lsrko99537	21	4	118711
lsrko99537	32	5	275970
lsrko99537	26	5	989945
cxqrs36975	28	5	169944
cxqrs36975	24	4	122045
cxqrs36975	26	3	130843
cxqrs36975	24	5	201133
cxqrs36975	32	4	355455
cxqrs36975	27	5	680399
cxqrs36975	31	5	439673
cxqrs36975	24	3	510975
cxqrs36975	32	4	121777
pkbme32618	22	4	644576
pkbme32618	31	4	332818
pkbme32618	23	5	811051
pkbme32618	31	4	992804
pkbme32618	29	4	407880
pkbme32618	21	5	328908
pkbme32618	29	3	322839
pkbme32618	22	5	193444
pkbme32618	29	5	109711
pkbme32618	25	5	583563
xgjne60939	24	5	909457
xgjne60939	32	4	517151
xgjne60939	32	5	115450
xgjne60939	22	4	562528
xgjne60939	24	5	127125
xgjne60939	28	4	764480
xgjne60939	31	4	594470
xgjne60939	22	4	318281
xrdyf39350	22	4	347517
xrdyf39350	26	5	792766
xrdyf39350	32	3	346011
xrdyf39350	21	4	538920
jxgfh05813	22	5	862534
jxgfh05813	29	5	737001
jxgfh05813	28	5	450240
hoxew05112	26	4	543507
hoxew05112	26	4	429935
hoxew05112	26	5	500151
xjbxu24785	21	5	947694
xjbxu24785	30	4	243151
xjbxu24785	27	4	218511
xjbxu24785	30	4	689614
wjfeb55035	28	4	459571
wjfeb55035	24	3	676224
wjfeb55035	29	4	247476
wjfeb55035	26	3	441656
wjfeb55035	21	3	533416
wjfeb55035	25	4	220180
wjfeb55035	28	4	671255
wjfeb55035	27	3	453080
datkg99426	29	4	975171
datkg99426	21	5	124480
datkg99426	25	3	839608
datkg99426	28	3	822221
datkg99426	22	5	554315
datkg99426	31	3	950135
datkg99426	26	5	795692
datkg99426	23	3	132335
bkkun89435	27	4	778524
bkkun89435	32	5	295106
bkkun89435	30	5	763112
bkkun89435	29	5	276185
bkkun89435	27	4	702417
bkkun89435	27	5	277930
bkkun89435	23	5	806570
bkkun89435	28	3	749193
emrom46545	29	3	867399
emrom46545	22	5	982339
emrom46545	30	4	995758
emrom46545	23	5	576164
emrom46545	27	3	815134
emrom46545	23	5	412202
emrom46545	22	5	591303
emrom46545	21	4	386340
emrom46545	29	3	113148
ngfdj23596	24	5	168644
ngfdj23596	23	5	395373
ngfdj23596	30	5	167023
ngfdj23596	22	4	435596
kkkow33183	29	4	646972
kkkow33183	24	3	928267
kkkow33183	21	3	718847
kkkow33183	21	3	316437
kkkow33183	32	3	110188
kkkow33183	23	3	734086
kkkow33183	23	5	204980
kkkow33183	25	5	616574
kkkow33183	28	5	329072
iupkq66339	29	3	530647
iupkq66339	30	3	855675
iupkq66339	24	4	666661
iupkq66339	22	3	882096
iupkq66339	31	4	292210
iupkq66339	28	3	181427
iupkq66339	23	5	923216
iupkq66339	28	5	907600
iupkq66339	25	5	515335
iupkq66339	29	3	346940
luyjl52995	30	3	480442
luyjl52995	28	3	675736
luyjl52995	23	3	479841
luyjl52995	26	5	301877
luyjl52995	31	5	477506
tgnun32976	32	5	778633
tgnun32976	31	3	286184
tgnun32976	26	3	865035
gupnj37121	29	3	250641
gupnj37121	25	3	165080
gupnj37121	32	4	329960
gupnj37121	28	4	971728
gupnj37121	28	3	387351
gupnj37121	25	5	260091
gupnj37121	28	5	827888
gupnj37121	25	4	817671
gupnj37121	29	3	264339
gupnj37121	21	4	588522
tbgng46362	30	5	177508
tbgng46362	28	3	893691
tbgng46362	22	5	266876
tbgng46362	25	4	742719
tbgng46362	28	4	399746
tbgng46362	28	3	760767
bqcyd57897	27	5	264770
bqcyd57897	30	3	410451
bqcyd57897	31	5	494284
bqcyd57897	21	3	893962
bqcyd57897	27	3	145899
hajom83629	28	4	943335
hajom83629	21	3	908135
hajom83629	28	4	276230
hajom83629	24	3	414873
hajom83629	26	3	982454
hajom83629	28	3	192108
hajom83629	27	3	877377
hajom83629	28	3	972046
hajom83629	32	5	570168
jwxcn08344	27	5	116598
jwxcn08344	23	3	629549
jwxcn08344	25	4	237057
jwxcn08344	28	5	306189
jwxcn08344	31	3	198352
jwxcn08344	28	4	628996
jwxcn08344	25	4	836091
jwxcn08344	22	4	271925
gfrsy89427	21	4	177220
gfrsy89427	26	4	974666
gfrsy89427	29	5	287228
khbxu04982	22	5	515727
khbxu04982	23	5	205073
khbxu04982	21	4	962886
khbxu04982	31	5	181379
khbxu04982	21	5	168365
nbvtk85992	21	5	632002
nbvtk85992	31	4	796897
nbvtk85992	23	4	271129
nbvtk85992	27	4	530375
nbvtk85992	23	5	466391
nbvtk85992	22	4	861438
nbvtk85992	24	3	163291
nbvtk85992	21	5	158537
lunhn04284	25	4	619321
lunhn04284	27	5	179772
lunhn04284	26	3	725365
lunhn04284	30	4	719426
lunhn04284	28	4	211329
lunhn04284	28	5	662612
wxqpd92283	21	4	898824
wxqpd92283	28	3	701453
wxqpd92283	32	5	744543
wxqpd92283	26	3	246741
wxqpd92283	27	3	323419
wxqpd92283	22	5	161064
ijxhu03281	30	4	705690
ijxhu03281	24	3	379982
ijxhu03281	22	5	429386
ijxhu03281	28	4	376171
ijxhu03281	23	3	527523
ijxhu03281	27	3	325385
lymeo65492	31	5	927099
lymeo65492	22	5	630826
lymeo65492	29	5	982853
lymeo65492	26	3	210007
lymeo65492	30	4	116387
bexsf34154	22	3	150538
bexsf34154	28	3	111686
bexsf34154	25	3	868018
bexsf34154	29	5	636135
bexsf34154	26	4	922276
bexsf34154	22	4	927052
bexsf34154	23	5	250657
bexsf34154	22	3	375880
gqgbg04245	27	4	619822
gqgbg04245	27	3	848822
gqgbg04245	23	5	632618
gqgbg04245	26	4	818282
gqgbg04245	31	4	174918
gqgbg04245	32	4	256327
gqgbg04245	24	5	151242
gqgbg04245	22	5	555312
gqgbg04245	27	3	686099
gqgbg04245	24	4	345688
fttyp68221	31	3	606147
fttyp68221	32	4	203152
fttyp68221	21	4	225377
fttyp68221	28	3	665214
fttyp68221	28	5	594485
yfjte88122	23	4	820854
yfjte88122	31	3	336279
yfjte88122	32	5	646422
yfjte88122	21	4	975017
yfjte88122	26	4	709257
yfjte88122	21	5	552608
yfjte88122	29	3	325345
yfjte88122	30	4	548626
yfjte88122	28	5	972911
yfjte88122	27	4	127910
htvge82810	30	5	104586
htvge82810	23	3	562652
htvge82810	32	4	438355
htvge82810	29	3	423501
htvge82810	28	3	382400
htvge82810	24	5	717419
htvge82810	26	3	430972
npeje46156	30	4	894595
npeje46156	24	5	213971
npeje46156	32	3	475584
npeje46156	25	5	649666
npeje46156	29	4	643636
npeje46156	32	5	861009
npeje46156	29	4	777687
npeje46156	28	4	302052
npeje46156	32	5	436323
rjydx80369	30	5	753429
rjydx80369	26	3	354999
rjydx80369	32	3	495526
rjydx80369	26	4	644701
rjydx80369	31	5	873671
rjydx80369	21	3	401509
xkgjl84465	31	5	299248
xkgjl84465	21	5	746590
xkgjl84465	27	4	948076
xkgjl84465	24	4	279193
xkgjl84465	30	5	679531
xkgjl84465	31	3	687287
exajk70818	21	3	947263
exajk70818	23	5	254601
exajk70818	26	3	506778
exajk70818	28	4	549997
xnill62745	22	3	545395
xnill62745	21	3	710157
xnill62745	22	3	549837
xnill62745	31	3	367951
xnill62745	31	4	699931
xnill62745	30	4	748062
xnill62745	28	4	111713
xnill62745	21	4	925213
xnill62745	32	5	509467
xnill62745	26	5	560008
cbdhw82670	24	5	776237
cbdhw82670	21	4	798058
cbdhw82670	23	5	191440
cbdhw82670	28	4	431492
cbdhw82670	29	3	433530
cbdhw82670	25	4	142073
cbdhw82670	23	4	532794
cbdhw82670	24	4	801223
cbdhw82670	26	5	454725
cbdhw82670	32	5	108777
tktjx38248	31	3	180865
tktjx38248	29	4	891342
tktjx38248	31	4	321232
tktjx38248	27	5	860910
tktjx38248	22	3	355042
tktjx38248	25	4	954770
layny07994	24	3	995896
layny07994	25	3	263842
layny07994	26	4	529720
layny07994	32	4	777735
layny07994	23	3	359372
layny07994	32	4	722700
layny07994	28	3	786165
layny07994	22	3	849959
drwxj55354	32	4	358095
drwxj55354	29	5	639125
drwxj55354	24	4	248694
drwxj55354	31	5	296136
drwxj55354	27	5	727282
drwxj55354	25	3	776482
drwxj55354	26	5	659988
drwxj55354	26	3	185680
drwxj55354	27	4	747093
pukjt05547	28	3	293245
pukjt05547	23	5	772109
pukjt05547	24	3	298612
pukjt05547	32	5	786986
pukjt05547	25	4	741543
hakfe87036	26	5	534837
hakfe87036	32	3	928372
hakfe87036	31	4	734995
hakfe87036	31	4	256574
hakfe87036	25	3	817472
hakfe87036	22	4	300232
hakfe87036	22	3	948079
hakfe87036	22	3	238413
hakfe87036	32	3	933776
naqlb63003	27	5	617025
naqlb63003	25	3	720699
naqlb63003	22	3	445226
naqlb63003	25	5	951766
naqlb63003	22	3	383268
naqlb63003	25	4	599656
naqlb63003	21	4	489414
naqlb63003	23	3	973731
naqlb63003	25	3	838630
punum32487	26	3	621412
punum32487	28	4	830246
punum32487	28	5	940057
punum32487	26	5	418762
punum32487	31	4	865026
punum32487	32	4	702878
punum32487	22	4	705448
punum32487	30	3	486325
punum32487	28	3	205412
punum32487	26	5	866712
kxkot65767	25	5	473594
kxkot65767	32	4	846910
kxkot65767	27	5	275367
euqct23748	29	5	860212
euqct23748	32	4	105793
euqct23748	28	5	169588
bqvbw03630	22	3	549503
bqvbw03630	32	4	848476
bqvbw03630	32	4	520125
bqvbw03630	24	4	812124
bqvbw03630	26	3	739220
bqvbw03630	27	3	123186
bqvbw03630	26	5	565530
bqvbw03630	23	3	561082
bqvbw03630	29	5	214037
abqwy50747	25	5	196610
abqwy50747	28	4	347356
abqwy50747	31	3	619842
abqwy50747	27	4	714359
abqwy50747	25	5	758957
xyvfk76082	32	4	767645
xyvfk76082	30	5	270410
xyvfk76082	22	5	968110
xyvfk76082	21	5	712682
xyvfk76082	29	5	331342
xyvfk76082	25	3	873875
xyvfk76082	29	5	519908
xyvfk76082	24	3	787515
wfrrt83477	21	5	591313
wfrrt83477	28	4	329424
wfrrt83477	25	4	157896
wfrrt83477	23	4	894934
wfrrt83477	26	4	235823
xavbp33225	23	4	218451
xavbp33225	26	5	464412
xavbp33225	26	5	431805
xavbp33225	21	5	798321
vtcus28879	22	4	287022
vtcus28879	21	4	495263
vtcus28879	30	3	370005
vtcus28879	31	5	693481
vtcus28879	28	3	192648
vtcus28879	23	3	192688
vtcus28879	31	4	790823
vtcus28879	23	4	212653
vtcus28879	31	3	318434
uermx35257	26	3	469109
uermx35257	26	4	519695
uermx35257	31	3	135376
uermx35257	23	4	610695
sqfti16066	21	3	490109
sqfti16066	27	5	577105
sqfti16066	23	4	129712
sqfti16066	26	4	957007
sqfti16066	24	3	680993
sqfti16066	23	5	242456
sqfti16066	22	4	371195
sqfti16066	21	3	483814
sqfti16066	28	4	662759
sqfti16066	29	5	167277
qhqkf56252	31	5	911999
qhqkf56252	24	3	533267
qhqkf56252	22	4	403316
qhqkf56252	29	5	635178
qhqkf56252	31	3	233042
mnlyg38073	23	3	269427
mnlyg38073	25	5	513235
mnlyg38073	22	5	265814
mnlyg38073	21	3	683080
mnlyg38073	26	3	612814
mnlyg38073	26	5	291963
mnlyg38073	23	4	105985
mnlyg38073	26	4	690663
mnlyg38073	22	5	172833
mnlyg38073	24	5	785122
